Region,Fecha,Inversion
BioBio,2000-07-01,51407000
BioBio,2000-07-01,20502000
BioBio,2000-07-01,170526000
BioBio,2000-07-01,80937000
BioBio,2000-07-01,39016000
BioBio,2000-07-01,73039000
BioBio,2000-07-01,4549909000
BioBio,2000-07-01,101140000
BioBio,2000-07-01,495174000
BioBio,2000-07-01,51293000
BioBio,2000-07-01,36031000
BioBio,2000-07-01,108343000
BioBio,2000-07-01,20922000
BioBio,2000-07-01,213000
BioBio,2000-07-01,2869000
BioBio,2000-07-01,210992000
BioBio,2000-07-01,103253000
BioBio,2000-07-01,13732000
BioBio,2000-07-01,8979000
BioBio,2000-07-01,589000
BioBio,2000-07-01,6867000
BioBio,2000-07-01,133000
BioBio,2000-07-01,969661000
BioBio,2000-07-01,6677000
BioBio,2000-07-01,1202000
BioBio,2000-07-01,33000000
BioBio,2000-07-01,31824000
BioBio,2000-07-01,144000
BioBio,2000-07-01,131642000
BioBio,2000-07-01,43262000
BioBio,2000-07-01,22731000
BioBio,2000-07-01,446996000
BioBio,2000-07-01,3986000
BioBio,2000-07-01,451000
BioBio,2000-07-01,26177000
BioBio,2000-07-01,79995000
BioBio,2000-07-01,97051000
BioBio,2000-07-01,72000
BioBio,2000-07-01,47000
BioBio,2000-07-01,15434000
BioBio,2000-07-01,1597387000
BioBio,2000-07-01,2394032000
BioBio,2000-07-01,7542561000
BioBio,2000-07-01,48276000
BioBio,2000-07-01,19985000
BioBio,2000-07-01,653477000
BioBio,2000-07-01,74000
BioBio,2000-07-01,149000
BioBio,2000-07-01,55564000
BioBio,2000-07-01,58443000
BioBio,2000-07-01,495000
BioBio,2000-07-01,3062181000
BioBio,2000-07-01,20483000
BioBio,2000-07-01,128000
BioBio,2000-07-01,9864000
BioBio,2000-07-01,491000
BioBio,2000-07-01,7227000
BioBio,2000-07-01,179994000
BioBio,2000-07-01,5398000
BioBio,2000-07-01,162000
BioBio,2000-07-01,3150000
BioBio,2000-07-01,128000
BioBio,2000-07-01,209367000
BioBio,2000-07-01,664304000
BioBio,2000-07-01,53857000
BioBio,2000-07-01,17998000
BioBio,2000-07-01,875366000
BioBio,2000-07-01,4115000000
BioBio,2000-07-01,640494000
BioBio,2000-07-01,16535000
BioBio,2000-07-01,33384000
BioBio,2000-07-01,200000
BioBio,2000-07-01,547000
BioBio,2000-07-01,42101000
BioBio,2000-07-01,29428000
BioBio,2000-07-01,29907000
BioBio,2000-07-01,1783736000
BioBio,2000-07-01,20474000
BioBio,2000-07-01,1079168000
BioBio,2000-07-01,209498000
BioBio,2000-07-01,2289640000
BioBio,2000-07-01,42193000
BioBio,2000-07-01,283358000
BioBio,2000-07-01,21890000
BioBio,2000-07-01,41883000
BioBio,2000-07-01,189610000
BioBio,2000-07-01,299000
BioBio,2000-07-01,138000
BioBio,2000-07-01,969911000
BioBio,2000-07-01,402987000
BioBio,2000-07-01,9750000
BioBio,2000-07-01,117000
BioBio,2000-07-01,260384000
BioBio,2000-07-01,47927000
BioBio,2000-07-01,94000
BioBio,2000-07-01,388000
BioBio,2000-07-01,769000
BioBio,2000-07-01,8889000
BioBio,2000-07-01,1125402000
BioBio,2000-07-01,21088000
BioBio,2000-07-01,215000
BioBio,2000-07-01,14757000
BioBio,2000-07-01,3028000
BioBio,2000-07-01,622000
BioBio,2000-07-01,2670000
BioBio,2000-07-01,21954000
BioBio,2000-07-01,497000
BioBio,2000-07-01,25000000
BioBio,2000-07-01,5000000
BioBio,2000-07-01,15000000
BioBio,2000-07-01,59854000
BioBio,2000-07-01,20000000
BioBio,2000-07-01,30000000
BioBio,2000-07-01,240958000
BioBio,2000-07-01,6000000
BioBio,2000-07-01,129860000
BioBio,2000-07-01,640038000
BioBio,2000-07-01,474341000
BioBio,2000-07-01,107483000
BioBio,2000-07-01,30500000
BioBio,2000-07-01,235734000
BioBio,2000-07-01,160009000
BioBio,2000-07-01,51668000
BioBio,2000-07-01,134562000
BioBio,2000-07-01,30060000
BioBio,2000-07-01,59492000
BioBio,2000-07-01,4283000
BioBio,2000-07-01,884180000
BioBio,2000-07-01,16500000
BioBio,2000-07-01,45088000
BioBio,2000-07-01,264273000
BioBio,2000-07-01,94411000
BioBio,2000-07-01,138893000
BioBio,2000-07-01,2198000
BioBio,2000-07-01,373482000
BioBio,2000-07-01,21983000
BioBio,2000-07-01,2783000
BioBio,2000-07-01,20091000
BioBio,2000-07-01,28797000
BioBio,2000-07-01,12754000
BioBio,2000-07-01,4397000
BioBio,2000-07-01,3500000
BioBio,2000-07-01,3441000
BioBio,2000-07-01,14994000
BioBio,2001-07-01,168059000
BioBio,2001-07-01,25466000
BioBio,2001-07-01,40871000
BioBio,2001-07-01,62000000
BioBio,2001-07-01,119055000
BioBio,2001-07-01,23000000
BioBio,2001-07-01,84037000
BioBio,2001-07-01,138735000
BioBio,2001-07-01,67282000
BioBio,2001-07-01,41917000
BioBio,2001-07-01,142873000
BioBio,2001-07-01,61999000
BioBio,2001-07-01,6141464000
BioBio,2001-07-01,398956000
BioBio,2001-07-01,274798000
BioBio,2001-07-01,86849000
BioBio,2001-07-01,86961000
BioBio,2001-07-01,106293000
BioBio,2001-07-01,78499000
BioBio,2001-07-01,63747000
BioBio,2001-07-01,193054000
BioBio,2001-07-01,129665000
BioBio,2001-07-01,96945000
BioBio,2001-07-01,22299000
BioBio,2001-07-01,103534000
BioBio,2001-07-01,8417000
BioBio,2001-07-01,513000
BioBio,2001-07-01,20355000
BioBio,2001-07-01,87000
BioBio,2001-07-01,957546000
BioBio,2001-07-01,45182000
BioBio,2001-07-01,46000000
BioBio,2001-07-01,3940000
BioBio,2001-07-01,3162000
BioBio,2001-07-01,53943000
BioBio,2001-07-01,59303000
BioBio,2001-07-01,322184000
BioBio,2001-07-01,9300000
BioBio,2001-07-01,10000
BioBio,2001-07-01,44000
BioBio,2001-07-01,43000
BioBio,2001-07-01,7148000
BioBio,2001-07-01,625553000
BioBio,2001-07-01,12338000
BioBio,2001-07-01,627000
BioBio,2001-07-01,40474000
BioBio,2001-07-01,14653000
BioBio,2001-07-01,1842969000
BioBio,2001-07-01,1435818000
BioBio,2001-07-01,518772000
BioBio,2001-07-01,39356000
BioBio,2001-07-01,88730000
BioBio,2001-07-01,259000
BioBio,2001-07-01,1649091000
BioBio,2001-07-01,39222000
BioBio,2001-07-01,32355000
BioBio,2001-07-01,87049000
BioBio,2001-07-01,1973452000
BioBio,2001-07-01,19867000
BioBio,2001-07-01,5000000
BioBio,2001-07-01,97801000
BioBio,2001-07-01,1707725000
BioBio,2001-07-01,468645000
BioBio,2001-07-01,6182000
BioBio,2001-07-01,529000
BioBio,2001-07-01,137099000
BioBio,2001-07-01,11000
BioBio,2001-07-01,1857292000
BioBio,2001-07-01,11704000
BioBio,2001-07-01,1299000
BioBio,2001-07-01,22215000
BioBio,2001-07-01,28775000
BioBio,2001-07-01,10000
BioBio,2001-07-01,421953000
BioBio,2001-07-01,1203134000
BioBio,2001-07-01,876797000
BioBio,2001-07-01,1841449000
BioBio,2001-07-01,1831013000
BioBio,2001-07-01,2143431000
BioBio,2001-07-01,666121000
BioBio,2001-07-01,133189000
BioBio,2001-07-01,160156000
BioBio,2001-07-01,173223000
BioBio,2001-07-01,512499000
BioBio,2001-07-01,7128000
BioBio,2001-07-01,436895000
BioBio,2001-07-01,84365000
BioBio,2001-07-01,24261000
BioBio,2001-07-01,138463000
BioBio,2001-07-01,26000
BioBio,2001-07-01,1455984000
BioBio,2001-07-01,21401000
BioBio,2001-07-01,30673000
BioBio,2001-07-01,2998000
BioBio,2001-07-01,14389000
BioBio,2001-07-01,2789000
BioBio,2001-07-01,5609000
BioBio,2001-07-01,42302000
BioBio,2001-07-01,7128000
BioBio,2001-07-01,7934000
BioBio,2001-07-01,85998000
BioBio,2001-07-01,3217000
BioBio,2001-07-01,2019000
BioBio,2001-07-01,11057000
BioBio,2001-07-01,418854000
BioBio,2001-07-01,258114000
BioBio,2001-07-01,249435000
BioBio,2001-07-01,4000000
BioBio,2001-07-01,243295000
BioBio,2001-07-01,74550000
BioBio,2001-07-01,169143000
BioBio,2001-07-01,68811000
BioBio,2001-07-01,187518000
BioBio,2001-07-01,205432000
BioBio,2001-07-01,169000000
BioBio,2001-07-01,7175000
BioBio,2001-07-01,59776000
BioBio,2001-07-01,354000
BioBio,2001-07-01,2764000
BioBio,2001-07-01,27524000
BioBio,2001-07-01,522896000
BioBio,2001-07-01,135212000
BioBio,2001-07-01,249000
BioBio,2001-07-01,23414000
BioBio,2001-07-01,3808000
BioBio,2001-07-01,1392000
BioBio,2001-07-01,19550000
BioBio,2002-07-01,78356000
BioBio,2002-07-01,22959000
BioBio,2002-07-01,94990000
BioBio,2002-07-01,99885000
BioBio,2002-07-01,9000000
BioBio,2002-07-01,80589000
BioBio,2002-07-01,92529000
BioBio,2002-07-01,87318000
BioBio,2002-07-01,48898000
BioBio,2002-07-01,1325600000
BioBio,2002-07-01,3593979000
BioBio,2002-07-01,81996000
BioBio,2002-07-01,51692000
BioBio,2002-07-01,649589000
BioBio,2002-07-01,1000000
BioBio,2002-07-01,243000
BioBio,2002-07-01,9000
BioBio,2002-07-01,139000
BioBio,2002-07-01,4874000
BioBio,2002-07-01,10841000
BioBio,2002-07-01,43000
BioBio,2002-07-01,784000
BioBio,2002-07-01,1153000
BioBio,2002-07-01,5843000
BioBio,2002-07-01,58386000
BioBio,2002-07-01,2297617000
BioBio,2002-07-01,935000
BioBio,2002-07-01,2920853000
BioBio,2002-07-01,1260000
BioBio,2002-07-01,3589133000
BioBio,2002-07-01,33984000
BioBio,2002-07-01,36103000
BioBio,2002-07-01,260000
BioBio,2002-07-01,1035000
BioBio,2002-07-01,2000000
BioBio,2002-07-01,2000000
BioBio,2002-07-01,39868000
BioBio,2002-07-01,14651000
BioBio,2002-07-01,21179000
BioBio,2002-07-01,27243000
BioBio,2002-07-01,34264000
BioBio,2002-07-01,36996000
BioBio,2002-07-01,28124000
BioBio,2002-07-01,1078887000
BioBio,2002-07-01,17662000
BioBio,2002-07-01,4651606000
BioBio,2002-07-01,19974000
BioBio,2002-07-01,85114000
BioBio,2002-07-01,612000
BioBio,2002-07-01,389000
BioBio,2002-07-01,1746000
BioBio,2002-07-01,3071195000
BioBio,2002-07-01,15737000
BioBio,2002-07-01,836513000
BioBio,2002-07-01,1402141000
BioBio,2002-07-01,4663107000
BioBio,2002-07-01,933000
BioBio,2002-07-01,908000
BioBio,2002-07-01,11985000
BioBio,2002-07-01,120191000
BioBio,2002-07-01,4506307000
BioBio,2002-07-01,1209660000
BioBio,2002-07-01,1264128000
BioBio,2002-07-01,383537000
BioBio,2002-07-01,881000
BioBio,2002-07-01,9060000
BioBio,2002-07-01,40488000
BioBio,2002-07-01,257000
BioBio,2002-07-01,3370568000
BioBio,2002-07-01,1153000
BioBio,2002-07-01,27090000
BioBio,2002-07-01,55321000
BioBio,2002-07-01,7626000
BioBio,2002-07-01,2379277000
BioBio,2002-07-01,29554000
BioBio,2002-07-01,33720000
BioBio,2002-07-01,28034000
BioBio,2002-07-01,1153000
BioBio,2002-07-01,108955000
BioBio,2002-07-01,1721000
BioBio,2002-07-01,452000
BioBio,2002-07-01,1000000
BioBio,2002-07-01,82365000
BioBio,2002-07-01,1153000
BioBio,2002-07-01,2069000
BioBio,2002-07-01,838000
BioBio,2002-07-01,73014000
BioBio,2002-07-01,73486000
BioBio,2002-07-01,1100000
BioBio,2002-07-01,4620000
BioBio,2002-07-01,150799000
BioBio,2002-07-01,17598000
BioBio,2002-07-01,814800000
BioBio,2002-07-01,3000000
BioBio,2002-07-01,43000000
BioBio,2002-07-01,2500000
BioBio,2002-07-01,33391000
BioBio,2002-07-01,22321000
BioBio,2002-07-01,50085000
BioBio,2002-07-01,31248000
BioBio,2002-07-01,81322000
BioBio,2002-07-01,652475000
BioBio,2002-07-01,16582000
BioBio,2002-07-01,7066000
BioBio,2002-07-01,11759000
BioBio,2002-07-01,16095000
BioBio,2002-07-01,4250000
BioBio,2002-07-01,527208000
BioBio,2002-07-01,3028000
BioBio,2002-07-01,8283000
BioBio,2002-07-01,7138000
BioBio,2002-07-01,12788000
BioBio,2002-07-01,8712000
BioBio,2002-07-01,7036000
BioBio,2002-07-01,11497000
BioBio,2003-01-01,72948000
BioBio,2003-01-01,94249000
BioBio,2003-01-01,9816000
BioBio,2003-01-01,94617000
BioBio,2003-01-01,76313000
BioBio,2003-01-01,33650000
BioBio,2003-01-01,80163000
BioBio,2003-01-01,113619000
BioBio,2003-01-01,202409000
BioBio,2003-01-01,48976000
BioBio,2003-01-01,40691000
BioBio,2003-01-01,55839000
BioBio,2003-01-01,1056626000
BioBio,2003-01-01,96323000
BioBio,2003-01-01,9953000
BioBio,2003-07-01,17367000
BioBio,2003-07-01,459921000
BioBio,2003-07-01,9075000
BioBio,2003-07-01,41832000
BioBio,2003-07-01,77090000
BioBio,2003-07-01,142040000
BioBio,2003-07-01,11617000
BioBio,2003-07-01,3078619000
BioBio,2003-07-01,112674000
BioBio,2003-07-01,84700000
BioBio,2003-07-01,236597000
BioBio,2003-07-01,16924000
BioBio,2003-07-01,184347000
BioBio,2003-07-01,4297000
BioBio,2003-07-01,16889000
BioBio,2003-07-01,55805000
BioBio,2003-07-01,69820000
BioBio,2003-07-01,148799000
BioBio,2003-07-01,270940000
BioBio,2003-07-01,16915000
BioBio,2003-07-01,548599000
BioBio,2003-07-01,1783029000
BioBio,2003-07-01,112471000
BioBio,2003-07-01,824647000
BioBio,2003-07-01,8499000
BioBio,2003-07-01,988528000
BioBio,2003-07-01,11000
BioBio,2003-07-01,64782000
BioBio,2003-07-01,38000
BioBio,2003-07-01,333000
BioBio,2003-07-01,6831000
BioBio,2003-07-01,61672000
BioBio,2003-07-01,87161000
BioBio,2003-07-01,4962000
BioBio,2003-07-01,26819000
BioBio,2003-07-01,987421000
BioBio,2003-07-01,2050000
BioBio,2003-07-01,37156000
BioBio,2003-07-01,1459462000
BioBio,2003-07-01,2676000
BioBio,2003-07-01,825608000
BioBio,2003-07-01,35749000
BioBio,2003-07-01,13216000
BioBio,2003-07-01,9089000
BioBio,2003-07-01,5971365000
BioBio,2003-07-01,67556000
BioBio,2003-07-01,58571000
BioBio,2003-07-01,3262764000
BioBio,2003-07-01,44506000
BioBio,2003-07-01,1032000
BioBio,2003-07-01,4962000
BioBio,2003-07-01,600000000
BioBio,2003-07-01,181994000
BioBio,2003-07-01,97943000
BioBio,2003-07-01,204849000
BioBio,2003-07-01,43495000
BioBio,2003-07-01,118050000
BioBio,2003-07-01,52232000
BioBio,2003-07-01,194136000
BioBio,2003-07-01,2492945000
BioBio,2003-07-01,306402000
BioBio,2003-07-01,96744000
BioBio,2003-07-01,43061000
BioBio,2003-07-01,2397282000
BioBio,2003-07-01,1848352000
BioBio,2003-07-01,62368000
BioBio,2003-07-01,63985000
BioBio,2003-07-01,58197000
BioBio,2003-07-01,2214641000
BioBio,2003-07-01,28912000
BioBio,2003-07-01,838719000
BioBio,2003-07-01,78894000
BioBio,2003-07-01,108796000
BioBio,2003-07-01,16975000
BioBio,2003-07-01,180622000
BioBio,2003-07-01,639146000
BioBio,2003-07-01,69298000
BioBio,2003-07-01,39301000
BioBio,2003-07-01,71672000
BioBio,2003-07-01,110053000
BioBio,2003-07-01,147086000
BioBio,2003-07-01,308000000
BioBio,2003-07-01,25177000
BioBio,2003-07-01,8987000
BioBio,2003-07-01,222910000
BioBio,2003-07-01,30277000
BioBio,2004-07-01,2319969000
BioBio,2004-07-01,10717000
BioBio,2004-07-01,41170000
BioBio,2004-07-01,687000
BioBio,2004-07-01,13000
BioBio,2004-07-01,5170000
BioBio,2004-07-01,42550000
BioBio,2004-07-01,35000000
BioBio,2004-07-01,6727000
BioBio,2004-07-01,99071000
BioBio,2004-07-01,61150000
BioBio,2004-07-01,25993000
BioBio,2004-07-01,4882000
BioBio,2004-07-01,13000
BioBio,2004-07-01,3092000
BioBio,2004-07-01,91439000
BioBio,2004-07-01,36000
BioBio,2004-07-01,33000
BioBio,2004-07-01,123021000
BioBio,2004-07-01,117000
BioBio,2004-07-01,9173000
BioBio,2004-07-01,26052000
BioBio,2004-07-01,352000
BioBio,2004-07-01,142111000
BioBio,2004-07-01,57350000
BioBio,2004-07-01,124454000
BioBio,2004-07-01,221612000
BioBio,2004-07-01,103694000
BioBio,2004-07-01,348048000
BioBio,2004-07-01,78000
BioBio,2004-07-01,15000
BioBio,2004-07-01,76314000
BioBio,2004-07-01,1220386000
BioBio,2004-07-01,981000
BioBio,2004-07-01,722037000
BioBio,2004-07-01,963000
BioBio,2004-07-01,63398000
BioBio,2004-07-01,2535000
BioBio,2004-07-01,1000000
BioBio,2004-07-01,1597932000
BioBio,2004-07-01,17558000
BioBio,2004-07-01,132216000
BioBio,2004-07-01,33061000
BioBio,2004-07-01,112582000
BioBio,2004-07-01,47000
BioBio,2004-07-01,264086000
BioBio,2004-07-01,8951000
BioBio,2004-07-01,1000270000
BioBio,2004-07-01,971072000
BioBio,2004-07-01,102029000
BioBio,2004-07-01,114000
BioBio,2004-07-01,3675000
BioBio,2004-07-01,294741000
BioBio,2004-07-01,87515000
BioBio,2004-07-01,2237000
BioBio,2004-07-01,765910000
BioBio,2004-07-01,8754000
BioBio,2004-07-01,147430000
BioBio,2004-07-01,644531000
BioBio,2004-07-01,16861000
BioBio,2004-07-01,8099000
BioBio,2004-07-01,632441000
BioBio,2004-07-01,2012328000
BioBio,2004-07-01,3293178000
BioBio,2004-07-01,4362987000
BioBio,2004-07-01,449000000
BioBio,2004-07-01,2442928000
BioBio,2004-07-01,80389000
BioBio,2004-07-01,2620086000
BioBio,2004-07-01,2614000
BioBio,2004-07-01,2702301000
BioBio,2004-07-01,6932000
BioBio,2004-07-01,23089000
BioBio,2004-07-01,20296000
BioBio,2004-07-01,72694000
BioBio,2004-07-01,51504000
BioBio,2004-07-01,212175000
BioBio,2004-07-01,272041000
BioBio,2004-07-01,1791226000
BioBio,2004-07-01,6715000
BioBio,2004-07-01,32864000
BioBio,2004-07-01,1077217000
BioBio,2004-07-01,74753000
BioBio,2004-07-01,22963000
BioBio,2004-07-01,30000
BioBio,2004-07-01,9996000
BioBio,2004-07-01,552770000
BioBio,2004-07-01,641000
BioBio,2004-07-01,76517000
BioBio,2004-07-01,140466000
BioBio,2004-07-01,2138000
BioBio,2004-07-01,119417000
BioBio,2004-07-01,57621000
BioBio,2004-07-01,108988000
BioBio,2004-07-01,124359000
BioBio,2004-07-01,110690000
BioBio,2004-07-01,99515000
BioBio,2004-07-01,69061000
BioBio,2004-07-01,369632000
BioBio,2004-07-01,6372000
BioBio,2004-07-01,80459000
BioBio,2005-07-01,2552679000
BioBio,2005-07-01,8109789000
BioBio,2005-07-01,205283000
BioBio,2005-07-01,133706000
BioBio,2005-07-01,24969000
BioBio,2005-07-01,21521000
BioBio,2005-07-01,12877000
BioBio,2005-07-01,250000
BioBio,2005-07-01,13398000
BioBio,2005-07-01,5138000
BioBio,2005-07-01,10472000
BioBio,2005-07-01,14744000
BioBio,2005-07-01,9660000
BioBio,2005-07-01,8050000
BioBio,2005-07-01,151237000
BioBio,2005-07-01,41600000
BioBio,2005-07-01,10396000
BioBio,2005-07-01,101593000
BioBio,2005-07-01,161032000
BioBio,2005-07-01,10350000
BioBio,2005-07-01,1596756000
BioBio,2005-07-01,9569000
BioBio,2005-07-01,780000
BioBio,2005-07-01,65545000
BioBio,2005-07-01,481881000
BioBio,2005-07-01,44359000
BioBio,2005-07-01,44932000
BioBio,2005-07-01,2176562000
BioBio,2005-07-01,4510000
BioBio,2005-07-01,119792000
BioBio,2005-07-01,5609104000
BioBio,2005-07-01,2388000
BioBio,2005-07-01,84936000
BioBio,2005-07-01,641663000
BioBio,2005-07-01,174537000
BioBio,2005-07-01,5862000
BioBio,2005-07-01,7531000
BioBio,2005-07-01,2779901000
BioBio,2005-07-01,110000
BioBio,2005-07-01,1918183000
BioBio,2005-07-01,21960000
BioBio,2005-07-01,1058322000
BioBio,2005-07-01,4036715000
BioBio,2005-07-01,5428802000
BioBio,2005-07-01,2306103000
BioBio,2005-07-01,434000
BioBio,2005-07-01,811000
BioBio,2005-07-01,977000
BioBio,2005-07-01,1267000
BioBio,2005-07-01,38032000
BioBio,2005-07-01,12919000
BioBio,2005-07-01,120670000
BioBio,2005-07-01,507188000
BioBio,2005-07-01,8700000
BioBio,2005-07-01,152545000
BioBio,2005-07-01,262845000
BioBio,2005-07-01,1711000
BioBio,2005-07-01,3201000
BioBio,2005-07-01,2216000
BioBio,2005-07-01,47148000
BioBio,2005-07-01,6000000
BioBio,2005-07-01,5628000
BioBio,2005-07-01,39885000
BioBio,2005-07-01,428001000
BioBio,2005-07-01,2497284000
BioBio,2005-07-01,273618000
BioBio,2005-07-01,276997000
BioBio,2005-07-01,40492000
BioBio,2005-07-01,125685000
BioBio,2005-07-01,20000000
BioBio,2005-07-01,357183000
BioBio,2005-07-01,100719000
BioBio,2006-01-01,24822000
BioBio,2006-01-01,383724000
BioBio,2006-01-01,26296000
BioBio,2006-07-01,5411000
BioBio,2006-07-01,727599000
BioBio,2006-07-01,199390000
BioBio,2006-07-01,1111341000
BioBio,2006-07-01,381999000
BioBio,2006-07-01,51484000
BioBio,2006-07-01,105035000
BioBio,2006-07-01,185397000
BioBio,2006-07-01,6718445000
BioBio,2006-07-01,10000000
BioBio,2006-07-01,20000000
BioBio,2006-07-01,5000000
BioBio,2006-07-01,92198000
BioBio,2006-07-01,9338000
BioBio,2006-07-01,2519736000
BioBio,2006-07-01,3659569000
BioBio,2006-07-01,3105167000
BioBio,2006-07-01,112017000
BioBio,2006-07-01,8269000
BioBio,2006-07-01,16364000
BioBio,2006-07-01,5947693000
BioBio,2006-07-01,72777000
BioBio,2006-07-01,1097000
BioBio,2006-07-01,54547000
BioBio,2006-07-01,2354961000
BioBio,2006-07-01,566900000
BioBio,2006-07-01,2155199000
BioBio,2006-07-01,75490000
BioBio,2006-07-01,81380000
BioBio,2006-07-01,105580000
BioBio,2006-07-01,149595000
BioBio,2006-07-01,416000000
BioBio,2006-07-01,2195000
BioBio,2006-07-01,1210132000
BioBio,2006-07-01,389369000
BioBio,2006-07-01,9078000
BioBio,2006-07-01,4098000
BioBio,2006-07-01,295643000
BioBio,2006-07-01,1027197000
BioBio,2006-07-01,91614000
BioBio,2006-07-01,2195989000
BioBio,2006-07-01,38643000
BioBio,2006-07-01,861478000
BioBio,2006-07-01,1104972000
BioBio,2006-07-01,40697000
BioBio,2006-07-01,36456000
BioBio,2006-07-01,1725000
BioBio,2006-07-01,32662000
BioBio,2006-07-01,9877000
BioBio,2006-07-01,75260000
BioBio,2006-07-01,38118000
BioBio,2006-07-01,311625000
BioBio,2006-07-01,16727000
BioBio,2006-07-01,179998000
BioBio,2006-07-01,90751000
BioBio,2006-07-01,119827000
BioBio,2006-07-01,222000000
BioBio,2006-07-01,72122000
BioBio,2006-07-01,44989000
BioBio,2006-07-01,91107000
BioBio,2006-07-01,18280000
BioBio,2006-07-01,21076000
BioBio,2006-07-01,19224000
BioBio,2006-07-01,81957000
BioBio,2006-07-01,1827397000
BioBio,2006-07-01,32449000
BioBio,2006-07-01,166422000
BioBio,2006-07-01,4033859000
BioBio,2006-07-01,1407156000
BioBio,2006-07-01,36520000
BioBio,2006-07-01,57401000
BioBio,2006-07-01,17759000
BioBio,2006-07-01,12469000
BioBio,2006-07-01,124890000
BioBio,2006-07-01,20748000
BioBio,2006-07-01,142317000
BioBio,2006-07-01,25047000
BioBio,2006-07-01,29392000
BioBio,2006-07-01,1500000
BioBio,2006-07-01,1500000
BioBio,2006-07-01,1600000
BioBio,2006-07-01,20415000
BioBio,2006-07-01,6808000
BioBio,2006-07-01,28092000
BioBio,2006-07-01,26142000
BioBio,2006-07-01,5373000
BioBio,2006-07-01,1600000
BioBio,2006-07-01,123502000
BioBio,2007-07-01,27482000
BioBio,2007-07-01,76034000
BioBio,2007-07-01,1431347000
BioBio,2007-07-01,974959000
BioBio,2007-07-01,1873762000
BioBio,2007-07-01,19963000
BioBio,2007-07-01,2410221000
BioBio,2007-07-01,53457000
BioBio,2007-07-01,307000000
BioBio,2007-07-01,105565000
BioBio,2007-07-01,7267000
BioBio,2007-07-01,3119000
BioBio,2007-07-01,199514000
BioBio,2007-07-01,248249000
BioBio,2007-07-01,89700000
BioBio,2007-07-01,185627000
BioBio,2007-07-01,128729000
BioBio,2007-07-01,109800000
BioBio,2007-07-01,4550000
BioBio,2007-07-01,78830000
BioBio,2007-07-01,3558688000
BioBio,2007-07-01,20152000
BioBio,2007-07-01,1597000
BioBio,2007-07-01,295454000
BioBio,2007-07-01,12169464000
BioBio,2007-07-01,79482000
BioBio,2007-07-01,1785937000
BioBio,2007-07-01,4090370000
BioBio,2007-07-01,7581870000
BioBio,2007-07-01,1075378000
BioBio,2007-07-01,19331000
BioBio,2007-07-01,415000000
BioBio,2007-07-01,1452000000
BioBio,2007-07-01,10374000
BioBio,2007-07-01,211313000
BioBio,2007-07-01,2207084000
BioBio,2007-07-01,13015000
BioBio,2007-07-01,17474000
BioBio,2007-07-01,53986000
BioBio,2007-07-01,1189044000
BioBio,2007-07-01,2023882000
BioBio,2007-07-01,389000000
BioBio,2007-07-01,71862000
BioBio,2007-07-01,4075203000
BioBio,2007-07-01,2028715000
BioBio,2007-07-01,5602000
BioBio,2007-07-01,1651000
BioBio,2007-07-01,8557000
BioBio,2007-07-01,3123637000
BioBio,2007-07-01,26323000
BioBio,2007-07-01,64000000
BioBio,2007-07-01,156651000
BioBio,2007-07-01,5367402000
BioBio,2007-07-01,1021457000
BioBio,2007-07-01,29391000
BioBio,2007-07-01,6783951000
BioBio,2007-07-01,1196988000
BioBio,2007-07-01,2765000
BioBio,2007-07-01,5248000
BioBio,2007-07-01,4300000
BioBio,2007-07-01,71156000
BioBio,2007-07-01,12579000
BioBio,2007-07-01,12706000
BioBio,2007-07-01,5659000
BioBio,2007-07-01,25692000
BioBio,2007-07-01,250709000
BioBio,2007-07-01,330341000
BioBio,2007-07-01,124483000
BioBio,2007-07-01,253716000
BioBio,2007-07-01,317000
BioBio,2007-07-01,674029000
BioBio,2007-07-01,25746000
BioBio,2007-07-01,41190000
BioBio,2007-07-01,197427000
BioBio,2007-07-01,46788000
BioBio,2007-07-01,172536000
BioBio,2007-07-01,27640000
BioBio,2007-07-01,7153000
BioBio,2007-07-01,46804000
BioBio,2007-07-01,12839000
BioBio,2007-07-01,53058000
BioBio,2007-07-01,2208430000
BioBio,2007-07-01,97468000
BioBio,2007-07-01,200221000
BioBio,2007-07-01,4136150000
BioBio,2007-07-01,69999000
BioBio,2007-07-01,107571000
BioBio,2007-07-01,109424000
BioBio,2007-07-01,166221000
BioBio,2007-07-01,27933000
BioBio,2007-07-01,147697000
BioBio,2007-07-01,134347000
BioBio,2007-07-01,8308000
BioBio,2007-07-01,342543000
BioBio,2007-07-01,8135000
BioBio,2007-07-01,8036000
BioBio,2007-07-01,207400000
BioBio,2007-07-01,18668000
BioBio,2007-07-01,87907000
BioBio,2007-07-01,149264000
BioBio,2007-07-01,162225000
BioBio,2007-07-01,37028000
BioBio,2007-07-01,9182000
BioBio,2007-07-01,35140000
BioBio,2007-07-01,8208000
BioBio,2007-07-01,244891000
BioBio,2007-07-01,264841000
BioBio,2008-07-01,173961000
BioBio,2008-07-01,37495000
BioBio,2008-07-01,632454000
BioBio,2008-07-01,289489000
BioBio,2008-07-01,494141000
BioBio,2008-07-01,423954000
BioBio,2008-07-01,12988000
BioBio,2008-07-01,449723000
BioBio,2008-07-01,296831000
BioBio,2008-07-01,263685000
BioBio,2008-07-01,99958000
BioBio,2008-07-01,56140000
BioBio,2008-07-01,249993000
BioBio,2008-07-01,153501000
BioBio,2008-07-01,99992000
BioBio,2008-07-01,1000000
BioBio,2008-07-01,47790000
BioBio,2008-07-01,26700000
BioBio,2008-07-01,79597000
BioBio,2008-07-01,99423000
BioBio,2008-07-01,47239000
BioBio,2008-07-01,91336000
BioBio,2008-07-01,169689000
BioBio,2008-07-01,12887000
BioBio,2008-07-01,4733817000
BioBio,2008-07-01,131560000
BioBio,2008-07-01,12137000
BioBio,2008-07-01,166885000
BioBio,2008-07-01,3337000
BioBio,2008-07-01,168000
BioBio,2008-07-01,5031800000
BioBio,2008-07-01,9576190000
BioBio,2008-07-01,4636000000
BioBio,2008-07-01,379403000
BioBio,2008-07-01,2779000000
BioBio,2008-07-01,335388000
BioBio,2008-07-01,861000000
BioBio,2008-07-01,501500000
BioBio,2008-07-01,78063000
BioBio,2008-07-01,1086000000
BioBio,2008-07-01,49692000
BioBio,2008-07-01,2024320000
BioBio,2008-07-01,2209517000
BioBio,2008-07-01,104980000
BioBio,2008-07-01,82640000
BioBio,2008-07-01,82806000
BioBio,2008-07-01,4617408000
BioBio,2008-07-01,750304000
BioBio,2008-07-01,2761999000
BioBio,2008-07-01,33000000
BioBio,2008-07-01,25889000
BioBio,2008-07-01,94962000
BioBio,2008-07-01,198000000
BioBio,2008-07-01,7546056000
BioBio,2008-07-01,99949000
BioBio,2008-07-01,4852000
BioBio,2008-07-01,1380265000
BioBio,2008-07-01,37685000
BioBio,2008-07-01,16523000
BioBio,2008-07-01,5469000
BioBio,2008-07-01,290179000
BioBio,2008-07-01,459938000
BioBio,2008-07-01,1513927000
BioBio,2008-07-01,3881000
BioBio,2008-07-01,3671000
BioBio,2008-07-01,4692369000
BioBio,2008-07-01,1565656000
BioBio,2008-07-01,98236000
BioBio,2008-07-01,2811000
BioBio,2008-07-01,14086000
BioBio,2008-07-01,470914000
BioBio,2008-07-01,377367000
BioBio,2008-07-01,42458000
BioBio,2008-07-01,33371000
BioBio,2008-07-01,287000000
BioBio,2008-07-01,27978000
BioBio,2008-07-01,82353000
BioBio,2008-07-01,1050845000
BioBio,2008-07-01,261636000
BioBio,2008-07-01,164999000
BioBio,2008-07-01,133925000
BioBio,2008-07-01,23312000
BioBio,2008-07-01,20743000
BioBio,2008-07-01,32359000
BioBio,2008-07-01,219824000
BioBio,2008-07-01,911918000
BioBio,2008-07-01,12450000
BioBio,2008-07-01,22644000
BioBio,2008-07-01,120548000
BioBio,2008-07-01,4462444000
BioBio,2008-07-01,18322000
BioBio,2008-07-01,108586000
BioBio,2008-07-01,114044000
BioBio,2008-07-01,176213000
BioBio,2008-07-01,147922000
BioBio,2008-07-01,4389000
BioBio,2008-07-01,72481000
BioBio,2008-07-01,194939000
BioBio,2008-07-01,62700000
BioBio,2008-07-01,210900000
BioBio,2008-07-01,120933000
BioBio,2008-07-01,20520000
BioBio,2008-07-01,61268000
BioBio,2008-07-01,13661000
BioBio,2008-07-01,90325000
BioBio,2008-07-01,87862000
BioBio,2008-07-01,62700000
BioBio,2008-07-01,45600000
BioBio,2008-07-01,45600000
BioBio,2009-01-01,150000000
BioBio,2009-01-01,119909000
BioBio,2009-01-01,4420000
BioBio,2009-01-01,1522000
BioBio,2009-01-01,475577000
BioBio,2009-01-01,57873000
BioBio,2009-01-01,592815000
BioBio,2009-01-01,341000000
BioBio,2009-01-01,550218000
BioBio,2009-01-01,40900000
BioBio,2009-07-01,199981000
BioBio,2009-07-01,944745000
BioBio,2009-07-01,149777000
BioBio,2009-07-01,148953000
BioBio,2009-07-01,49156000
BioBio,2009-07-01,83305000
BioBio,2009-07-01,84514000
BioBio,2009-07-01,259998000
BioBio,2009-07-01,29488000
BioBio,2009-07-01,29850000
BioBio,2009-07-01,541553000
BioBio,2009-07-01,574433000
BioBio,2009-07-01,11639000
BioBio,2009-07-01,128432000
BioBio,2009-07-01,6811000
BioBio,2009-07-01,1519000
BioBio,2009-07-01,33137000
BioBio,2009-07-01,44648000
BioBio,2009-07-01,8535000
BioBio,2009-07-01,1828000
BioBio,2009-07-01,1025000
BioBio,2009-07-01,313562000
BioBio,2009-07-01,35198000
BioBio,2009-07-01,1225387000
BioBio,2009-07-01,10425000
BioBio,2009-07-01,91346000
BioBio,2009-07-01,45000
BioBio,2009-07-01,375088000
BioBio,2009-07-01,428000000
BioBio,2009-07-01,338543000
BioBio,2009-07-01,118767000
BioBio,2009-07-01,1831200000
BioBio,2009-07-01,74589000
BioBio,2009-07-01,2800363000
BioBio,2009-07-01,174444000
BioBio,2009-07-01,142139000
BioBio,2009-07-01,9355000
BioBio,2009-07-01,301000
BioBio,2009-07-01,9626000
BioBio,2009-07-01,1405000
BioBio,2009-07-01,865000
BioBio,2009-07-01,24713000
BioBio,2009-07-01,57715000
BioBio,2009-07-01,937035000
BioBio,2009-07-01,1983013000
BioBio,2009-07-01,56206000
BioBio,2009-07-01,305444000
BioBio,2009-07-01,1047840000
BioBio,2009-07-01,8943967000
BioBio,2009-07-01,49960000
BioBio,2009-07-01,44529000
BioBio,2009-07-01,93762000
BioBio,2009-07-01,334171000
BioBio,2009-07-01,7106000
BioBio,2009-07-01,1937915000
BioBio,2009-07-01,128030000
BioBio,2009-07-01,478058000
BioBio,2009-07-01,5904920000
BioBio,2009-07-01,4180238000
BioBio,2009-07-01,55098000
BioBio,2009-07-01,189788000
BioBio,2009-07-01,2709535000
BioBio,2009-07-01,5580275000
BioBio,2009-07-01,270000000
BioBio,2009-07-01,3903522000
BioBio,2009-07-01,669300000
BioBio,2009-07-01,669102000
BioBio,2009-07-01,587000
BioBio,2009-07-01,199999000
BioBio,2009-07-01,6621879000
BioBio,2009-07-01,164456000
BioBio,2009-07-01,19910000
BioBio,2009-07-01,2248026000
BioBio,2009-07-01,4317363000
BioBio,2009-07-01,60070000
BioBio,2009-07-01,1461530000
BioBio,2009-07-01,42577000
BioBio,2009-07-01,53075000
BioBio,2009-07-01,380000000
BioBio,2009-07-01,554470000
BioBio,2009-07-01,225844000
BioBio,2009-07-01,174435000
BioBio,2009-07-01,399053000
BioBio,2009-07-01,59397000
BioBio,2009-07-01,16356000
BioBio,2009-07-01,150010000
BioBio,2009-07-01,13040000
BioBio,2009-07-01,126828000
BioBio,2009-07-01,15962000
BioBio,2009-07-01,14479000
BioBio,2009-07-01,152509000
BioBio,2009-07-01,43694000
BioBio,2009-07-01,95036000
BioBio,2009-07-01,736573000
BioBio,2009-07-01,208650000
BioBio,2009-07-01,78011000
BioBio,2009-07-01,97302000
BioBio,2009-07-01,575858000
BioBio,2009-07-01,189118000
BioBio,2009-07-01,25000000
BioBio,2009-07-01,39999000
BioBio,2009-07-01,122806000
BioBio,2009-07-01,957848000
BioBio,2009-07-01,71900000
BioBio,2009-07-01,519000
BioBio,2009-07-01,201804000
BioBio,2009-07-01,35084000
BioBio,2009-07-01,113102000
BioBio,2009-07-01,89502000
BioBio,2009-07-01,127079000
BioBio,2009-07-01,104517000
BioBio,2009-07-01,4718191000
BioBio,2009-07-01,409909000
BioBio,2009-07-01,5850000
BioBio,2009-07-01,666813000
BioBio,2009-07-01,83596000
BioBio,2009-07-01,275855000
BioBio,2009-07-01,148200000
BioBio,2009-07-01,410402000
BioBio,2009-07-01,178800000
BioBio,2009-07-01,82080000
BioBio,2009-07-01,465927000
BioBio,2009-07-01,6009000
BioBio,2009-07-01,26592000
BioBio,2009-07-01,36430000
BioBio,2009-07-01,5950000
BioBio,2009-07-01,219365000
BioBio,2009-07-01,160977000
BioBio,2009-07-01,28014000
BioBio,2009-07-01,329288000
BioBio,2009-07-01,8521000
BioBio,2009-07-01,164715000
BioBio,2009-07-01,27731000
BioBio,2009-07-01,209581000
BioBio,2009-07-01,304617000
BioBio,2009-07-01,432696000
BioBio,2010-01-01,29995000
BioBio,2010-01-01,346000000
BioBio,2010-01-01,148576000
BioBio,2010-01-01,190958000
BioBio,2010-01-01,1366000
BioBio,2010-01-01,99967000
BioBio,2010-01-01,2879749000
BioBio,2010-01-01,927370000
BioBio,2010-01-01,3587251000
BioBio,2010-01-01,609210000
BioBio,2010-01-01,1337374000
BioBio,2010-01-01,299669000
BioBio,2010-01-01,230000000
BioBio,2010-01-01,45044000
BioBio,2010-01-01,1684490000
BioBio,2010-01-01,14962000
BioBio,2010-01-01,166587000
BioBio,2010-01-01,27570000
BioBio,2010-01-01,5000000
BioBio,2010-01-01,2408404000
BioBio,2010-01-01,136000000
BioBio,2010-01-01,326956000
BioBio,2010-07-01,2909209000
BioBio,2010-07-01,199996000
BioBio,2010-07-01,400043000
BioBio,2010-07-01,195412000
BioBio,2010-07-01,24535000
BioBio,2010-07-01,162685000
BioBio,2010-07-01,33205000
BioBio,2010-07-01,20952000
BioBio,2010-07-01,89932000
BioBio,2010-07-01,19529000
BioBio,2010-07-01,37744000
BioBio,2010-07-01,29134000
BioBio,2010-07-01,91173000
BioBio,2010-07-01,1284315000
BioBio,2010-07-01,27835000
BioBio,2010-07-01,721000
BioBio,2010-07-01,10917000
BioBio,2010-07-01,1881800000
BioBio,2010-07-01,105313000
BioBio,2010-07-01,4209000000
BioBio,2010-07-01,3633977000
BioBio,2010-07-01,97783000
BioBio,2010-07-01,4564506000
BioBio,2010-07-01,1721282000
BioBio,2010-07-01,4430484000
BioBio,2010-07-01,1493600000
BioBio,2010-07-01,1782385000
BioBio,2010-07-01,145000000
BioBio,2010-07-01,6294451000
BioBio,2010-07-01,775851000
BioBio,2010-07-01,2641373000
BioBio,2010-07-01,652617000
BioBio,2010-07-01,1261500000
BioBio,2010-07-01,2001700000
BioBio,2010-07-01,297999000
BioBio,2010-07-01,532946000
BioBio,2010-07-01,1041998000
BioBio,2010-07-01,2018000000
BioBio,2010-07-01,210000000
BioBio,2010-07-01,3894441000
BioBio,2010-07-01,1488982000
BioBio,2010-07-01,153115000
BioBio,2010-07-01,18749000
BioBio,2010-07-01,2357000000
BioBio,2010-07-01,55558000
BioBio,2010-07-01,154000
BioBio,2010-07-01,3005397000
BioBio,2010-07-01,955596000
BioBio,2010-07-01,158007000
BioBio,2010-07-01,99010000
BioBio,2010-07-01,260000
BioBio,2010-07-01,5060000
BioBio,2010-07-01,110390000
BioBio,2010-07-01,513942000
BioBio,2010-07-01,300658000
BioBio,2010-07-01,8888000
BioBio,2010-07-01,722753000
BioBio,2010-07-01,1783278000
BioBio,2010-07-01,123840000
BioBio,2010-07-01,497466000
BioBio,2010-07-01,2378314000
BioBio,2010-07-01,128894000
BioBio,2010-07-01,275999000
BioBio,2010-07-01,45697000
BioBio,2010-07-01,30876000
BioBio,2010-07-01,2649000
BioBio,2010-07-01,6275369000
BioBio,2010-07-01,1956364000
BioBio,2010-07-01,579039000
BioBio,2010-07-01,83423000
BioBio,2010-07-01,209567000
BioBio,2010-07-01,1934264000
BioBio,2010-07-01,1330309000
BioBio,2010-07-01,350935000
BioBio,2010-07-01,1333081000
BioBio,2010-07-01,368277000
BioBio,2010-07-01,77346000
BioBio,2010-07-01,219318000
BioBio,2010-07-01,71916000
BioBio,2010-07-01,36137000
BioBio,2010-07-01,1657000
BioBio,2010-07-01,249874000
BioBio,2010-07-01,121774000
BioBio,2010-07-01,61314000
BioBio,2010-07-01,124619000
BioBio,2010-07-01,578747000
BioBio,2010-07-01,254999000
BioBio,2010-07-01,322597000
BioBio,2010-07-01,267405000
BioBio,2010-07-01,29984000
BioBio,2010-07-01,97653000
BioBio,2010-07-01,28634000
BioBio,2010-07-01,169965000
BioBio,2010-07-01,412272000
BioBio,2010-07-01,152605000
BioBio,2010-07-01,5000000
BioBio,2010-07-01,130693000
BioBio,2010-07-01,159726000
BioBio,2010-07-01,1719000
BioBio,2010-07-01,6844000
BioBio,2010-07-01,120975000
BioBio,2010-07-01,14800000
BioBio,2010-07-01,60539000
BioBio,2010-07-01,189204000
BioBio,2010-07-01,332609000
BioBio,2010-07-01,215000
BioBio,2010-07-01,71597000
BioBio,2010-07-01,97627000
BioBio,2010-07-01,40000000
BioBio,2010-07-01,118189000
BioBio,2010-07-01,12978000
BioBio,2010-07-01,8319000
BioBio,2010-07-01,77160000
BioBio,2010-07-01,165322000
BioBio,2010-07-01,45744000
BioBio,2010-07-01,49004000
BioBio,2010-07-01,86682000
BioBio,2010-07-01,23287000
BioBio,2010-07-01,152608000
BioBio,2010-07-01,96097000
BioBio,2010-07-01,152600000
BioBio,2010-07-01,152583000
BioBio,2010-07-01,5146552000
BioBio,2010-07-01,3709239000
BioBio,2010-07-01,167496000
BioBio,2010-07-01,558841000
BioBio,2010-07-01,640956000
BioBio,2010-07-01,2925000
BioBio,2010-07-01,31750000
BioBio,2010-07-01,3061529000
BioBio,2010-07-01,1739000
BioBio,2010-07-01,2159309000
BioBio,2010-07-01,1454561000
BioBio,2010-07-01,57034000
BioBio,2010-07-01,32926000
BioBio,2010-07-01,20396000
BioBio,2010-07-01,107541000
BioBio,2010-07-01,2080526000
BioBio,2010-07-01,385838000
BioBio,2010-07-01,1080187000
BioBio,2010-07-01,3393011000
BioBio,2010-07-01,18307000
BioBio,2010-07-01,12269000
BioBio,2010-07-01,10000000
BioBio,2010-07-01,73301000
BioBio,2010-07-01,17964000
BioBio,2010-07-01,306424000
BioBio,2011-07-01,16420000
BioBio,2011-07-01,15725000
BioBio,2011-07-01,538539000
BioBio,2011-07-01,3306000
BioBio,2011-07-01,461604000
BioBio,2011-07-01,5252680000
BioBio,2011-07-01,52798000
BioBio,2011-07-01,387818000
BioBio,2011-07-01,186200000
BioBio,2011-07-01,75948000
BioBio,2011-07-01,832265000
BioBio,2011-07-01,1258242000
BioBio,2011-07-01,1118629000
BioBio,2011-07-01,318717000
BioBio,2011-07-01,224987000
BioBio,2011-07-01,418369000
BioBio,2011-07-01,95392000
BioBio,2011-07-01,110749000
BioBio,2011-07-01,2958314000
BioBio,2011-07-01,299215000
BioBio,2011-07-01,3516031000
BioBio,2011-07-01,5000000
BioBio,2011-07-01,587973000
BioBio,2011-07-01,518104000
BioBio,2011-07-01,20474000
BioBio,2011-07-01,24659000
BioBio,2011-07-01,4784661000
BioBio,2011-07-01,34566000
BioBio,2011-07-01,23688000
BioBio,2011-07-01,4100000
BioBio,2011-07-01,12000
BioBio,2011-07-01,26289000
BioBio,2011-07-01,7279061000
BioBio,2011-07-01,41212000
BioBio,2011-07-01,32184000
BioBio,2011-07-01,2500054000
BioBio,2011-07-01,819000
BioBio,2011-07-01,1583347000
BioBio,2011-07-01,38744000
BioBio,2011-07-01,47294000
BioBio,2011-07-01,2396954000
BioBio,2011-07-01,2404700000
BioBio,2011-07-01,961919000
BioBio,2011-07-01,282939000
BioBio,2011-07-01,1317999000
BioBio,2011-07-01,42424000
BioBio,2011-07-01,522000
BioBio,2011-07-01,153818000
BioBio,2011-07-01,16572000
BioBio,2011-07-01,84819000
BioBio,2011-07-01,3433138000
BioBio,2011-07-01,18133000000
BioBio,2011-07-01,427000000
BioBio,2011-07-01,111354000
BioBio,2011-07-01,13977000
BioBio,2011-07-01,5871010000
BioBio,2011-07-01,249990000
BioBio,2011-07-01,415872000
BioBio,2011-07-01,18000000
BioBio,2011-07-01,88045000
BioBio,2011-07-01,146613000
BioBio,2011-07-01,161008000
BioBio,2011-07-01,2022433000
BioBio,2011-07-01,922219000
BioBio,2011-07-01,46107000
BioBio,2011-07-01,229983000
BioBio,2011-07-01,146456000
BioBio,2011-07-01,170903000
BioBio,2011-07-01,51899000
BioBio,2011-07-01,696000
BioBio,2011-07-01,275374000
BioBio,2011-07-01,54500000
BioBio,2011-07-01,1640598000
BioBio,2011-07-01,1999531000
BioBio,2011-07-01,3794388000
BioBio,2011-07-01,675970000
BioBio,2011-07-01,9833000
BioBio,2011-07-01,5117766000
BioBio,2011-07-01,2650609000
BioBio,2011-07-01,853000000
BioBio,2011-07-01,2568643000
BioBio,2011-07-01,713509000
BioBio,2011-07-01,109100000
BioBio,2011-07-01,53030000
BioBio,2011-07-01,824036000
BioBio,2011-07-01,394594000
BioBio,2011-07-01,119999000
BioBio,2011-07-01,85073000
BioBio,2011-07-01,605717000
BioBio,2011-07-01,109722000
BioBio,2011-07-01,828966000
BioBio,2011-07-01,1615002000
BioBio,2011-07-01,1181933000
BioBio,2011-07-01,41688000
BioBio,2011-07-01,117317000
BioBio,2011-07-01,29461000
BioBio,2011-07-01,90055000
BioBio,2011-07-01,500000000
BioBio,2011-07-01,1387629000
BioBio,2011-07-01,143999000
BioBio,2011-07-01,80492000
BioBio,2011-07-01,174359000
BioBio,2011-07-01,72163000
BioBio,2011-07-01,223264000
BioBio,2011-07-01,373000000
BioBio,2011-07-01,49999000
BioBio,2011-07-01,49820000
BioBio,2011-07-01,291974000
BioBio,2011-07-01,337599000
BioBio,2011-07-01,24195000
BioBio,2011-07-01,151799000
BioBio,2011-07-01,106312000
BioBio,2011-07-01,147643000
BioBio,2011-07-01,147643000
BioBio,2011-07-01,4857417000
BioBio,2011-07-01,39447000
BioBio,2011-07-01,13678343000
BioBio,2011-07-01,722602000
BioBio,2011-07-01,7989000
BioBio,2011-07-01,526044000
BioBio,2011-07-01,7245181000
BioBio,2011-07-01,4828000
BioBio,2011-07-01,1089671000
BioBio,2011-07-01,538430000
BioBio,2011-07-01,281427000
BioBio,2011-07-01,12514000
BioBio,2011-07-01,216999000
BioBio,2011-07-01,178868000
BioBio,2011-07-01,107478000
BioBio,2011-07-01,201980000
BioBio,2011-07-01,1451345000
BioBio,2012-07-01,360206000
BioBio,2012-07-01,343775000
BioBio,2012-07-01,702840000
BioBio,2012-07-01,203658000
BioBio,2012-07-01,49749000
BioBio,2012-07-01,30044000
BioBio,2012-07-01,344000
BioBio,2012-07-01,34909000
BioBio,2012-07-01,161384000
BioBio,2012-07-01,2881384000
BioBio,2012-07-01,186444000
BioBio,2012-07-01,132503000
BioBio,2012-07-01,102941000
BioBio,2012-07-01,964136000
BioBio,2012-07-01,957791000
BioBio,2012-07-01,159468000
BioBio,2012-07-01,125605000
BioBio,2012-07-01,200231000
BioBio,2012-07-01,517000
BioBio,2012-07-01,356509000
BioBio,2012-07-01,10196000
BioBio,2012-07-01,923000
BioBio,2012-07-01,1300000
BioBio,2012-07-01,3592799000
BioBio,2012-07-01,1765455000
BioBio,2012-07-01,99500000
BioBio,2012-07-01,5031009000
BioBio,2012-07-01,4814000
BioBio,2012-07-01,4308000
BioBio,2012-07-01,42837000
BioBio,2012-07-01,1267147000
BioBio,2012-07-01,18466000
BioBio,2012-07-01,48761000
BioBio,2012-07-01,2318000
BioBio,2012-07-01,28950000
BioBio,2012-07-01,883929000
BioBio,2012-07-01,7284289000
BioBio,2012-07-01,5285000000
BioBio,2012-07-01,196000
BioBio,2012-07-01,6404000
BioBio,2012-07-01,689263000
BioBio,2012-07-01,7549000
BioBio,2012-07-01,489930000
BioBio,2012-07-01,11195000
BioBio,2012-07-01,268521000
BioBio,2012-07-01,2075000
BioBio,2012-07-01,1660008000
BioBio,2012-07-01,12142874000
BioBio,2012-07-01,2786262000
BioBio,2012-07-01,119461000
BioBio,2012-07-01,3267020000
BioBio,2012-07-01,2284945000
BioBio,2012-07-01,721795000
BioBio,2012-07-01,752000
BioBio,2012-07-01,14615000
BioBio,2012-07-01,442817000
BioBio,2012-07-01,62296000
BioBio,2012-07-01,1342728000
BioBio,2012-07-01,414399000
BioBio,2012-07-01,1539689000
BioBio,2012-07-01,1071299000
BioBio,2012-07-01,584000000
BioBio,2012-07-01,20095000
BioBio,2012-07-01,4745000
BioBio,2012-07-01,224000
BioBio,2012-07-01,4920691000
BioBio,2012-07-01,408834000
BioBio,2012-07-01,2501000
BioBio,2012-07-01,3172952000
BioBio,2012-07-01,9147309000
BioBio,2012-07-01,44687000
BioBio,2012-07-01,4539732000
BioBio,2012-07-01,2952400000
BioBio,2012-07-01,606797000
BioBio,2012-07-01,51625000
BioBio,2012-07-01,3988336000
BioBio,2012-07-01,696005000
BioBio,2012-07-01,4164000
BioBio,2012-07-01,45637000
BioBio,2012-07-01,109472000
BioBio,2012-07-01,185000
BioBio,2012-07-01,1287986000
BioBio,2012-07-01,2000009000
BioBio,2012-07-01,662888000
BioBio,2012-07-01,380814000
BioBio,2012-07-01,5392000
BioBio,2012-07-01,427000
BioBio,2012-07-01,799867000
BioBio,2012-07-01,77195000
BioBio,2012-07-01,407369000
BioBio,2012-07-01,155403000
BioBio,2012-07-01,220864000
BioBio,2012-07-01,220591000
BioBio,2012-07-01,125706000
BioBio,2012-07-01,154928000
BioBio,2012-07-01,114486000
BioBio,2012-07-01,154928000
BioBio,2012-07-01,156088000
BioBio,2012-07-01,13706000
BioBio,2012-07-01,6202826000
BioBio,2012-07-01,758254000
BioBio,2012-07-01,53955000
BioBio,2012-07-01,1166631000
BioBio,2012-07-01,625081000
BioBio,2012-07-01,3519096000
BioBio,2012-07-01,957405000
BioBio,2012-07-01,3251683000
BioBio,2012-07-01,255000
BioBio,2012-07-01,2526154000
BioBio,2012-07-01,726000
BioBio,2012-07-01,225735000
BioBio,2012-07-01,59604000
BioBio,2012-07-01,360000
BioBio,2012-07-01,127680000
BioBio,2012-07-01,79344000
BioBio,2012-07-01,627000000
BioBio,2012-07-01,377902000
BioBio,2012-07-01,27518000
BioBio,2012-07-01,2849000
BioBio,2012-07-01,218880000
BioBio,2012-07-01,258058000
BioBio,2012-07-01,472278000
BioBio,2012-07-01,441308000
BioBio,2012-07-01,31532000
BioBio,2012-07-01,372876000
BioBio,2012-07-01,140213000
BioBio,2013-07-01,262500000
BioBio,2013-07-01,800000
BioBio,2013-07-01,3226815000
BioBio,2013-07-01,341209000
BioBio,2013-07-01,87074000
BioBio,2013-07-01,20743000
BioBio,2013-07-01,940006000
BioBio,2013-07-01,543093000
BioBio,2013-07-01,132400000
BioBio,2013-07-01,1478476000
BioBio,2013-07-01,319491000
BioBio,2013-07-01,28336000
BioBio,2013-07-01,108000
BioBio,2013-07-01,121000
BioBio,2013-07-01,2998447000
BioBio,2013-07-01,350000000
BioBio,2013-07-01,400000
BioBio,2013-07-01,3238714000
BioBio,2013-07-01,37449000
BioBio,2013-07-01,71739000
BioBio,2013-07-01,2824775000
BioBio,2013-07-01,628310000
BioBio,2013-07-01,1456000
BioBio,2013-07-01,3908000
BioBio,2013-07-01,3702008000
BioBio,2013-07-01,5084000
BioBio,2013-07-01,746000
BioBio,2013-07-01,256000
BioBio,2013-07-01,894557000
BioBio,2013-07-01,3292828000
BioBio,2013-07-01,5864496000
BioBio,2013-07-01,4699000
BioBio,2013-07-01,7097000
BioBio,2013-07-01,93985000
BioBio,2013-07-01,7898095000
BioBio,2013-07-01,1859988000
BioBio,2013-07-01,22568000
BioBio,2013-07-01,4102593000
BioBio,2013-07-01,1014248000
BioBio,2013-07-01,1721000
BioBio,2013-07-01,21651000
BioBio,2013-07-01,2671819000
BioBio,2013-07-01,15132821000
BioBio,2013-07-01,3023933000
BioBio,2013-07-01,203000
BioBio,2013-07-01,8245536000
BioBio,2013-07-01,5271000
BioBio,2013-07-01,97519000
BioBio,2013-07-01,753111000
BioBio,2013-07-01,60168000
BioBio,2013-07-01,5170532000
BioBio,2013-07-01,6854000
BioBio,2013-07-01,83000
BioBio,2013-07-01,1372101000
BioBio,2013-07-01,3585000
BioBio,2013-07-01,14686673000
BioBio,2013-07-01,9980380000
BioBio,2013-07-01,71864000
BioBio,2013-07-01,166391000
BioBio,2013-07-01,7528380000
BioBio,2013-07-01,948358000
BioBio,2013-07-01,540138000
BioBio,2013-07-01,394170000
BioBio,2013-07-01,5804179000
BioBio,2013-07-01,83000
BioBio,2013-07-01,50573000
BioBio,2013-07-01,1237870000
BioBio,2013-07-01,43085000
BioBio,2013-07-01,9342000
BioBio,2013-07-01,797000
BioBio,2013-07-01,2164679000
BioBio,2013-07-01,3465460000
BioBio,2013-07-01,5606000
BioBio,2013-07-01,2509462000
BioBio,2013-07-01,1590849000
BioBio,2013-07-01,422192000
BioBio,2013-07-01,2361117000
BioBio,2013-07-01,1513441000
BioBio,2013-07-01,59000000
BioBio,2013-07-01,460000
BioBio,2013-07-01,1912774000
BioBio,2013-07-01,75218000
BioBio,2013-07-01,426358000
BioBio,2013-07-01,83892000
BioBio,2013-07-01,160336000
BioBio,2013-07-01,114186000
BioBio,2013-07-01,160336000
BioBio,2013-07-01,154944000
BioBio,2013-07-01,20191000
BioBio,2013-07-01,444920000
BioBio,2013-07-01,628099000
BioBio,2013-07-01,1815088000
BioBio,2013-07-01,208264000
BioBio,2013-07-01,805223000
BioBio,2013-07-01,7202402000
BioBio,2013-07-01,1766025000
BioBio,2013-07-01,12552983000
BioBio,2013-07-01,97318000
BioBio,2013-07-01,2898000
BioBio,2013-07-01,700968000
BioBio,2013-07-01,22547000
BioBio,2013-07-01,4628000
BioBio,2013-07-01,163332000
BioBio,2013-07-01,405219000
BioBio,2013-07-01,370093000
BioBio,2013-07-01,375876000
BioBio,2013-07-01,207056000
BioBio,2013-07-01,290901000
BioBio,2013-07-01,521107000
BioBio,2013-07-01,472291000
BioBio,2013-07-01,564928000
BioBio,2014-01-01,5134532000
BioBio,2014-01-01,16680000
BioBio,2014-01-01,98446000
BioBio,2014-07-01,66246000
BioBio,2014-07-01,765066000
BioBio,2014-07-01,550107000
BioBio,2014-07-01,195605000
BioBio,2014-07-01,1418279000
BioBio,2014-07-01,364251000
BioBio,2014-07-01,947634000
BioBio,2014-07-01,123000
BioBio,2014-07-01,18865000
BioBio,2014-07-01,158914000
BioBio,2014-07-01,4168796000
BioBio,2014-07-01,439889000
BioBio,2014-07-01,24542000
BioBio,2014-07-01,109390000
BioBio,2014-07-01,8563000
BioBio,2014-07-01,1895000
BioBio,2014-07-01,29722000
BioBio,2014-07-01,329000
BioBio,2014-07-01,3051000
BioBio,2014-07-01,323720000
BioBio,2014-07-01,16929000
BioBio,2014-07-01,31965000
BioBio,2014-07-01,2085942000
BioBio,2014-07-01,1102000
BioBio,2014-07-01,12724000
BioBio,2014-07-01,1100000
BioBio,2014-07-01,4140265000
BioBio,2014-07-01,65741000
BioBio,2014-07-01,23203000
BioBio,2014-07-01,1602906000
BioBio,2014-07-01,1951254000
BioBio,2014-07-01,1979620000
BioBio,2014-07-01,17631000
BioBio,2014-07-01,6930491000
BioBio,2014-07-01,9005796000
BioBio,2014-07-01,149188000
BioBio,2014-07-01,7747000
BioBio,2014-07-01,183620000
BioBio,2014-07-01,297401000
BioBio,2014-07-01,2635754000
BioBio,2014-07-01,4961285000
BioBio,2014-07-01,19160000
BioBio,2014-07-01,4379084000
BioBio,2014-07-01,757650000
BioBio,2014-07-01,384176000
BioBio,2014-07-01,12939000
BioBio,2014-07-01,8297763000
BioBio,2014-07-01,12024540000
BioBio,2014-07-01,1779862000
BioBio,2014-07-01,495258000
BioBio,2014-07-01,11327900000
BioBio,2014-07-01,4507000
BioBio,2014-07-01,6290746000
BioBio,2014-07-01,629962000
BioBio,2014-07-01,110803000
BioBio,2014-07-01,311733000
BioBio,2014-07-01,3260225000
BioBio,2014-07-01,218136000
BioBio,2014-07-01,1413391000
BioBio,2014-07-01,6619789000
BioBio,2014-07-01,21206000
BioBio,2014-07-01,69754000
BioBio,2014-07-01,576660000
BioBio,2014-07-01,180628000
BioBio,2014-07-01,609323000
BioBio,2014-07-01,246927000
BioBio,2014-07-01,4554041000
BioBio,2014-07-01,82450000
BioBio,2014-07-01,5230977000
BioBio,2014-07-01,16406000
BioBio,2014-07-01,3843094000
BioBio,2014-07-01,387797000
BioBio,2014-07-01,1811358000
BioBio,2014-07-01,1048774000
BioBio,2014-07-01,428329000
BioBio,2014-07-01,1259481000
BioBio,2014-07-01,4544265000
BioBio,2014-07-01,2479545000
BioBio,2014-07-01,42576000
BioBio,2014-07-01,284000
BioBio,2014-07-01,165876000
BioBio,2014-07-01,121604000
BioBio,2014-07-01,165855000
BioBio,2014-07-01,163552000
BioBio,2014-07-01,33750000
BioBio,2014-07-01,957610000
BioBio,2014-07-01,2360858000
BioBio,2014-07-01,202587000
BioBio,2014-07-01,791094000
BioBio,2014-07-01,2793571000
BioBio,2014-07-01,218449000
BioBio,2014-07-01,41234000
BioBio,2014-07-01,270092000
BioBio,2014-07-01,88292000
BioBio,2014-07-01,22800000
BioBio,2014-07-01,1857677000
BioBio,2014-07-01,87948000
BioBio,2014-07-01,38198000
BioBio,2014-07-01,34725000
BioBio,2014-07-01,467535000
BioBio,2014-07-01,475743000
BioBio,2014-07-01,765605000
BioBio,2014-07-01,59996000
BioBio,2014-07-01,127991000
BioBio,2014-07-01,27197000
BioBio,2015-01-01,745405000
BioBio,2015-01-01,22279000
BioBio,2015-01-01,28830000
BioBio,2015-01-01,632208000
BioBio,2015-01-01,3593674000
BioBio,2015-01-01,129000
BioBio,2015-01-01,355011000
BioBio,2015-01-01,24738000
BioBio,2015-01-01,1446136000
BioBio,2015-01-01,1205514000
BioBio,2015-07-01,750944000
BioBio,2015-07-01,1687863000
BioBio,2015-07-01,409603000
BioBio,2015-07-01,527317000
BioBio,2015-07-01,777672000
BioBio,2015-07-01,30860000
BioBio,2015-07-01,795223000
BioBio,2015-07-01,46044000
BioBio,2015-07-01,312920000
BioBio,2015-07-01,353000
BioBio,2015-07-01,7238000
BioBio,2015-07-01,1878000
BioBio,2015-07-01,889000
BioBio,2015-07-01,481000
BioBio,2015-07-01,8739000
BioBio,2015-07-01,3006570000
BioBio,2015-07-01,563000
BioBio,2015-07-01,2849754000
BioBio,2015-07-01,18190000
BioBio,2015-07-01,364000
BioBio,2015-07-01,5609077000
BioBio,2015-07-01,5955000
BioBio,2015-07-01,13948974000
BioBio,2015-07-01,440755000
BioBio,2015-07-01,162960000
BioBio,2015-07-01,763292000
BioBio,2015-07-01,574341000
BioBio,2015-07-01,2481000
BioBio,2015-07-01,1487361000
BioBio,2015-07-01,2761000
BioBio,2015-07-01,848000
BioBio,2015-07-01,388000
BioBio,2015-07-01,18860000
BioBio,2015-07-01,1014421000
BioBio,2015-07-01,682011000
BioBio,2015-07-01,19899000
BioBio,2015-07-01,348353000
BioBio,2015-07-01,6529765000
BioBio,2015-07-01,13147520000
BioBio,2015-07-01,4018405000
BioBio,2015-07-01,24468000
BioBio,2015-07-01,10920000000
BioBio,2015-07-01,5879000
BioBio,2015-07-01,6477980000
BioBio,2015-07-01,283984000
BioBio,2015-07-01,332926000
BioBio,2015-07-01,1343000
BioBio,2015-07-01,1450642000
BioBio,2015-07-01,12939000
BioBio,2015-07-01,3028840000
BioBio,2015-07-01,17279000
BioBio,2015-07-01,38931000
BioBio,2015-07-01,2368825000
BioBio,2015-07-01,3775140000
BioBio,2015-07-01,7136401000
BioBio,2015-07-01,760000
BioBio,2015-07-01,113000
BioBio,2015-07-01,812000
BioBio,2015-07-01,24000
BioBio,2015-07-01,51000
BioBio,2015-07-01,6312933000
BioBio,2015-07-01,45000
BioBio,2015-07-01,29292000
BioBio,2015-07-01,12212000
BioBio,2015-07-01,51000
BioBio,2015-07-01,54628000
BioBio,2015-07-01,52000
BioBio,2015-07-01,670792000
BioBio,2015-07-01,143325000
BioBio,2015-07-01,103036000
BioBio,2015-07-01,738000
BioBio,2015-07-01,2100048000
BioBio,2015-07-01,114793000
BioBio,2015-07-01,3810707000
BioBio,2015-07-01,91262000
BioBio,2015-07-01,83861000
BioBio,2015-07-01,1987886000
BioBio,2015-07-01,2171298000
BioBio,2015-07-01,81000
BioBio,2015-07-01,515486000
BioBio,2015-07-01,604000
BioBio,2015-07-01,183727000
BioBio,2015-07-01,879142000
BioBio,2015-07-01,700193000
BioBio,2015-07-01,25245000
BioBio,2015-07-01,194758000
BioBio,2015-07-01,131652000
BioBio,2015-07-01,16214000
BioBio,2015-07-01,194759000
BioBio,2015-07-01,116613000
BioBio,2015-07-01,998846000
BioBio,2015-07-01,2682730000
BioBio,2015-07-01,2162276000
BioBio,2015-07-01,1033583000
BioBio,2015-07-01,62733000
BioBio,2015-07-01,40954000
BioBio,2015-07-01,95276000
BioBio,2015-07-01,6572131000
BioBio,2015-07-01,2363000
BioBio,2015-07-01,46995000
BioBio,2015-07-01,84108000
BioBio,2015-07-01,11450000
BioBio,2015-07-01,11449000
BioBio,2015-07-01,391485000
BioBio,2015-07-01,1172856000
BioBio,2015-07-01,756439000
BioBio,2015-07-01,208842000
BioBio,2015-07-01,519825000
BioBio,2015-07-01,589183000
BioBio,2015-07-01,279819000
BioBio,2015-07-01,951892000
BioBio,2015-07-01,329765000
BioBio,2015-07-01,374057000
BioBio,2015-07-01,17165000
BioBio,2015-07-01,29702000
BioBio,2016-01-01,321209000
BioBio,2016-01-01,405572000
BioBio,2016-01-01,25000000
BioBio,2016-01-01,1940000000
BioBio,2016-01-01,59790000
BioBio,2016-01-01,2116043000
BioBio,2016-01-01,311347000
BioBio,2016-01-01,391591000
BioBio,2016-01-01,1026000
BioBio,2016-01-01,154000
BioBio,2016-01-01,511096000
BioBio,2016-01-01,454047000
BioBio,2016-01-01,131022000
BioBio,2016-01-01,283054000
BioBio,2016-01-01,54420000
BioBio,2016-01-01,651720000
BioBio,2016-01-01,13092000
BioBio,2016-01-01,444467000
BioBio,2016-01-01,2858000
BioBio,2016-01-01,249308000
BioBio,2016-01-01,4938000
BioBio,2016-01-01,877845000
BioBio,2016-01-01,6639040000
BioBio,2016-07-01,14785000
BioBio,2016-07-01,276008000
BioBio,2016-07-01,6685685000
BioBio,2016-07-01,3072000
BioBio,2016-07-01,8619000
BioBio,2016-07-01,28978000
BioBio,2016-07-01,8695543000
BioBio,2016-07-01,57020000
BioBio,2016-07-01,2580055000
BioBio,2016-07-01,1988000
BioBio,2016-07-01,8871000
BioBio,2016-07-01,57271000
BioBio,2016-07-01,78589000
BioBio,2016-07-01,69350000
BioBio,2016-07-01,4826854000
BioBio,2016-07-01,35799000
BioBio,2016-07-01,2843000
BioBio,2016-07-01,3711545000
BioBio,2016-07-01,972000
BioBio,2016-07-01,236415000
BioBio,2016-07-01,1189644000
BioBio,2016-07-01,1105387000
BioBio,2016-07-01,38664000
BioBio,2016-07-01,3747000
BioBio,2016-07-01,8641095000
BioBio,2016-07-01,26876000
BioBio,2016-07-01,5052558000
BioBio,2016-07-01,192744000
BioBio,2016-07-01,146184000
BioBio,2016-07-01,16443000
BioBio,2016-07-01,8699000
BioBio,2016-07-01,159450000
BioBio,2016-07-01,4625679000
BioBio,2016-07-01,3051940000
BioBio,2016-07-01,8100913000
BioBio,2016-07-01,741938000
BioBio,2016-07-01,2287910000
BioBio,2016-07-01,4289170000
BioBio,2016-07-01,77900000
BioBio,2016-07-01,5731238000
BioBio,2016-07-01,102000000
BioBio,2016-07-01,33322000
BioBio,2016-07-01,33135000
BioBio,2016-07-01,73465000
BioBio,2016-07-01,66921000
BioBio,2016-07-01,353300000
BioBio,2016-07-01,18878000
BioBio,2016-07-01,2922740000
BioBio,2016-07-01,4021212000
BioBio,2016-07-01,3034590000
BioBio,2016-07-01,141809000
BioBio,2016-07-01,7542558000
BioBio,2016-07-01,172556000
BioBio,2016-07-01,226383000
BioBio,2016-07-01,35259000
BioBio,2016-07-01,4703000
BioBio,2016-07-01,1853000
BioBio,2016-07-01,2953000
BioBio,2016-07-01,105000
BioBio,2016-07-01,592131000
BioBio,2016-07-01,96000
BioBio,2016-07-01,2432911000
BioBio,2016-07-01,115279000
BioBio,2016-07-01,396427000
BioBio,2016-07-01,2120346000
BioBio,2016-07-01,121648000
BioBio,2016-07-01,1533186000
BioBio,2016-07-01,130822000
BioBio,2016-07-01,323044000
BioBio,2016-07-01,94000
BioBio,2016-07-01,279796000
BioBio,2016-07-01,220683000
BioBio,2016-07-01,141978000
BioBio,2016-07-01,219573000
BioBio,2016-07-01,97677000
BioBio,2016-07-01,1031856000
BioBio,2016-07-01,2191962000
BioBio,2016-07-01,3016034000
BioBio,2016-07-01,1467406000
BioBio,2016-07-01,9547302000
BioBio,2016-07-01,258542000
BioBio,2016-07-01,946808000
BioBio,2016-07-01,126000
BioBio,2016-07-01,27162000
BioBio,2016-07-01,1657892000
BioBio,2016-07-01,470292000
BioBio,2016-07-01,3126248000
BioBio,2016-07-01,2651939000
BioBio,2016-07-01,1266000
BioBio,2016-07-01,124010000
BioBio,2016-07-01,724208000
BioBio,2016-07-01,520459000
BioBio,2016-07-01,19968000
BioBio,2016-07-01,16617000
BioBio,2016-07-01,840411000
BioBio,2016-07-01,579229000
BioBio,2016-07-01,174422000
BioBio,2016-07-01,106040000
BioBio,2016-07-01,915112000
BioBio,2016-07-01,1089963000
BioBio,2016-07-01,656466000
BioBio,2016-07-01,830230000
BioBio,2016-07-01,618300000
BioBio,2016-07-01,410361000
BioBio,2016-07-01,29701000
BioBio,2017-07-01,77831000
BioBio,2017-07-01,18970000
BioBio,2017-07-01,1974475000
BioBio,2017-07-01,7350223000
BioBio,2017-07-01,4906246000
BioBio,2017-07-01,98820000
BioBio,2017-07-01,1167000
BioBio,2017-07-01,2112734000
BioBio,2017-07-01,131842000
BioBio,2017-07-01,505171000
BioBio,2017-07-01,20694000
BioBio,2017-07-01,546680000
BioBio,2017-07-01,336165000
BioBio,2017-07-01,475434000
BioBio,2017-07-01,446039000
BioBio,2017-07-01,520934000
BioBio,2017-07-01,180376000
BioBio,2017-07-01,2000000
BioBio,2017-07-01,335207000
BioBio,2017-07-01,90796000
BioBio,2017-07-01,8214000
BioBio,2017-07-01,4841000
BioBio,2017-07-01,11264000
BioBio,2017-07-01,350812000
BioBio,2017-07-01,2438874000
BioBio,2017-07-01,1034247000
BioBio,2017-07-01,253093000
BioBio,2017-07-01,102830000
BioBio,2017-07-01,799634000
BioBio,2017-07-01,24000
BioBio,2017-07-01,10698000
BioBio,2017-07-01,1569540000
BioBio,2017-07-01,682367000
BioBio,2017-07-01,4047793000
BioBio,2017-07-01,17843555000
BioBio,2017-07-01,51786000
BioBio,2017-07-01,111241000
BioBio,2017-07-01,159514000
BioBio,2017-07-01,13090000
BioBio,2017-07-01,3187707000
BioBio,2017-07-01,1262000
BioBio,2017-07-01,6242276000
BioBio,2017-07-01,69814000
BioBio,2017-07-01,147249000
BioBio,2017-07-01,2057545000
BioBio,2017-07-01,3299780000
BioBio,2017-07-01,11123956000
BioBio,2017-07-01,1639580000
BioBio,2017-07-01,48313000
BioBio,2017-07-01,3130197000
BioBio,2017-07-01,87338000
BioBio,2017-07-01,42615000
BioBio,2017-07-01,323750000
BioBio,2017-07-01,79000
BioBio,2017-07-01,138461000
BioBio,2017-07-01,19906000
BioBio,2017-07-01,24517000
BioBio,2017-07-01,40105000
BioBio,2017-07-01,5395000
BioBio,2017-07-01,166749000
BioBio,2017-07-01,389361000
BioBio,2017-07-01,3441049000
BioBio,2017-07-01,6321350000
BioBio,2017-07-01,9774392000
BioBio,2017-07-01,40399000
BioBio,2017-07-01,1510050000
BioBio,2017-07-01,45424000
BioBio,2017-07-01,135556000
BioBio,2017-07-01,65791000
BioBio,2017-07-01,84000
BioBio,2017-07-01,9219780000
BioBio,2017-07-01,500751000
BioBio,2017-07-01,79000
BioBio,2017-07-01,84000
BioBio,2017-07-01,13679000
BioBio,2017-07-01,9791000
BioBio,2017-07-01,10683000
BioBio,2017-07-01,1419226000
BioBio,2017-07-01,616714000
BioBio,2017-07-01,4482068000
BioBio,2017-07-01,14155000
BioBio,2017-07-01,220192000
BioBio,2017-07-01,242000000
BioBio,2017-07-01,331593000
BioBio,2017-07-01,315088000
BioBio,2017-07-01,216460000
BioBio,2017-07-01,645310000
BioBio,2017-07-01,271203000
BioBio,2017-07-01,12314000
BioBio,2017-07-01,715309000
BioBio,2017-07-01,565055000
BioBio,2017-07-01,2473736000
BioBio,2017-07-01,806442000
BioBio,2017-07-01,2269096000
BioBio,2017-07-01,1375930000
BioBio,2017-07-01,140681000
BioBio,2017-07-01,588032000
BioBio,2017-07-01,3219515000
BioBio,2017-07-01,1480073000
BioBio,2017-07-01,633084000
BioBio,2017-07-01,150014000
BioBio,2017-07-01,6695000
BioBio,2017-07-01,307482000
BioBio,2017-07-01,315875000
BioBio,2017-07-01,416833000
BioBio,2017-07-01,215297000
BioBio,2017-07-01,377168000
BioBio,2017-07-01,2403841000
BioBio,2017-07-01,246333000
BioBio,2017-07-01,488095000
BioBio,2017-07-01,858484000
BioBio,2017-07-01,870032000
uble,2018-07-01,6895546175
uble,2018-07-01,1315760162
uble,2018-07-01,134827452
uble,2018-07-01,61220000
uble,2018-07-01,936104722
uble,2018-07-01,236918000
uble,2018-07-01,6434958471
uble,2018-07-01,1526410155
uble,2018-07-01,66912197
uble,2018-07-01,162009
uble,2018-07-01,134873841
uble,2018-07-01,4833505
uble,2018-07-01,1389729
uble,2018-07-01,11048690
uble,2018-07-01,191560000
uble,2018-07-01,58411
uble,2018-07-01,373699008
uble,2018-07-01,35160749
uble,2018-07-01,780999
uble,2018-07-01,663707036
uble,2018-07-01,623900848
uble,2018-07-01,137394773
uble,2018-07-01,741819817
uble,2018-07-01,6205024317
BioBio,2018-07-01,88743091
BioBio,2018-07-01,1081068293
BioBio,2018-07-01,1521908647
BioBio,2018-07-01,5695020130
BioBio,2018-07-01,301025564
BioBio,2018-07-01,477698574
BioBio,2018-07-01,1783035160
BioBio,2018-07-01,2316755
BioBio,2018-07-01,1803204351
BioBio,2018-07-01,288890
BioBio,2018-07-01,362864
BioBio,2018-07-01,75517467
BioBio,2018-07-01,11139079993
BioBio,2018-07-01,34594
BioBio,2018-07-01,21897666
BioBio,2018-07-01,1015683
BioBio,2018-07-01,53550
BioBio,2018-07-01,49542890
BioBio,2018-07-01,1326832
BioBio,2018-07-01,175959650
BioBio,2018-07-01,57122003
BioBio,2018-07-01,107573426
BioBio,2018-07-01,700000
BioBio,2018-07-01,682082230
BioBio,2018-07-01,269406772
BioBio,2018-07-01,2227972
BioBio,2018-07-01,4147450
BioBio,2018-07-01,140720060
BioBio,2018-07-01,42398582
BioBio,2018-07-01,14514975
BioBio,2018-07-01,1140884072
BioBio,2018-07-01,9407553827
BioBio,2018-07-01,156320000
BioBio,2018-07-01,62062
BioBio,2018-07-01,503144
BioBio,2018-07-01,2228905035
BioBio,2018-07-01,2060129330
BioBio,2018-07-01,152310000
BioBio,2018-07-01,101518928
BioBio,2018-07-01,33171695
BioBio,2018-07-01,757811932
BioBio,2018-07-01,9338659326
BioBio,2018-07-01,63482233
BioBio,2018-07-01,73015
BioBio,2018-07-01,61422948
BioBio,2018-07-01,100000
BioBio,2018-07-01,352396006
BioBio,2018-07-01,263998006
BioBio,2018-07-01,38442299
BioBio,2018-07-01,3375088831
BioBio,2018-07-01,66465000
BioBio,2018-07-01,381319011
BioBio,2018-07-01,186498315
BioBio,2018-07-01,285206036
BioBio,2018-07-01,2380362
BioBio,2018-07-01,149894261
BioBio,2018-07-01,231554237
BioBio,2018-07-01,436028131
BioBio,2018-07-01,361638451
BioBio,2018-07-01,877179974
BioBio,2018-07-01,50675348
BioBio,2018-07-01,15347429
BioBio,2018-07-01,686998861
BioBio,2018-07-01,356661697
BioBio,2018-07-01,286249100
BioBio,2018-07-01,137397634
BioBio,2018-07-01,435098514
BioBio,2018-07-01,505728132
BioBio,2018-07-01,435097506
BioBio,2018-07-01,29919081
BioBio,2018-07-01,262684580
BioBio,2018-07-01,1126370295
BioBio,2018-07-01,42993000
BioBio,2018-07-01,799953673
BioBio,2018-07-01,408139457
BioBio,2018-07-01,2365398393
BioBio,2018-07-01,864084828
BioBio,2018-07-01,2419501808
BioBio,2018-07-01,21289
BioBio,2018-07-01,558236841
BioBio,2018-07-01,3300016159
BioBio,2018-07-01,1902791998
uble,2019-01-01,532074860
uble,2019-01-01,311041460
uble,2019-01-01,21265000
uble,2019-01-01,160560957
uble,2019-01-01,581426623
uble,2019-01-01,169782861
uble,2019-01-01,206487789
uble,2019-01-01,1268009435
uble,2019-01-01,1813463813
uble,2019-01-01,1519826214
uble,2019-01-01,54026000
uble,2019-01-01,59703
uble,2019-01-01,366407
uble,2019-01-01,29581927
uble,2019-01-01,245190000
uble,2019-01-01,100717244
uble,2019-01-01,3257223978
uble,2019-01-01,24843502
uble,2019-07-01,2027591504
uble,2019-07-01,70898
uble,2019-07-01,10229999
uble,2019-07-01,849284249
uble,2019-07-01,3640687514
uble,2019-07-01,602203339
uble,2019-07-01,387931978
uble,2019-07-01,49963434
uble,2019-07-01,57522141
uble,2019-07-01,12995737
uble,2019-07-01,36252483
uble,2019-07-01,99196731
uble,2019-07-01,1006429354
uble,2019-07-01,75245904
uble,2019-07-01,14275959
uble,2019-07-01,15778329
uble,2019-07-01,616540530
uble,2019-07-01,4416674021
BioBio,2019-07-01,138064
BioBio,2019-07-01,12532402
BioBio,2019-07-01,55972
BioBio,2019-07-01,14297500
BioBio,2019-07-01,1526751957
BioBio,2019-07-01,141795
BioBio,2019-07-01,96910652
BioBio,2019-07-01,420057281
BioBio,2019-07-01,866589177
BioBio,2019-07-01,146298430
BioBio,2019-07-01,2671567481
BioBio,2019-07-01,35646588
BioBio,2019-07-01,57296699
BioBio,2019-07-01,12946818
BioBio,2019-07-01,27648757
BioBio,2019-07-01,64921704
BioBio,2019-07-01,4747555020
BioBio,2019-07-01,5335767034
BioBio,2019-07-01,140988
BioBio,2019-07-01,46827092
BioBio,2019-07-01,52195403
BioBio,2019-07-01,57390980
BioBio,2019-07-01,26777
BioBio,2019-07-01,2504383
BioBio,2019-07-01,662974417
BioBio,2019-07-01,9748058237
BioBio,2019-07-01,1109537647
BioBio,2019-07-01,92751
BioBio,2019-07-01,162640000
BioBio,2019-07-01,100272214
BioBio,2019-07-01,200000
BioBio,2019-07-01,35981987
BioBio,2019-07-01,185937167
BioBio,2019-07-01,5831886194
BioBio,2019-07-01,570228189
BioBio,2019-07-01,48679730
BioBio,2019-07-01,128756018
BioBio,2019-07-01,2842432444
BioBio,2019-07-01,2907892249
BioBio,2019-07-01,133975476
BioBio,2019-07-01,1435408231
BioBio,2019-07-01,45733163
BioBio,2019-07-01,11765129667
BioBio,2019-07-01,231230000
BioBio,2019-07-01,18808695
BioBio,2019-07-01,9518524117
BioBio,2019-07-01,5036331121
BioBio,2019-07-01,2495995350
BioBio,2019-07-01,1119543873
BioBio,2019-07-01,2304867942
BioBio,2019-07-01,116879999
BioBio,2019-07-01,67166
BioBio,2019-07-01,330952110
BioBio,2019-07-01,902255336
BioBio,2019-07-01,7711579723
BioBio,2019-07-01,1418563510
BioBio,2019-07-01,157150
BioBio,2019-07-01,1035557872
BioBio,2019-07-01,17329999
BioBio,2019-07-01,775799979
BioBio,2019-07-01,63434
BioBio,2019-07-01,8700000
BioBio,2019-07-01,1545428355
BioBio,2019-07-01,240833017
BioBio,2019-07-01,3873688093
BioBio,2019-07-01,67166
BioBio,2019-07-01,392978331
BioBio,2019-07-01,163689135
BioBio,2019-07-01,237558593
BioBio,2019-07-01,82099838
BioBio,2019-07-01,209999808
BioBio,2019-07-01,120053064
BioBio,2019-07-01,11035537
BioBio,2019-07-01,365107390
BioBio,2019-07-01,11426136
BioBio,2019-07-01,994639577
BioBio,2019-07-01,20295843
BioBio,2019-07-01,821795054
BioBio,2019-07-01,83624691
BioBio,2019-07-01,862750
BioBio,2019-07-01,95713440
BioBio,2019-07-01,533468669
BioBio,2019-07-01,57960661
BioBio,2019-07-01,20457046
BioBio,2019-07-01,398814469
BioBio,2019-07-01,1125143493
BioBio,2019-07-01,38000000
BioBio,2019-07-01,677226444
BioBio,2019-07-01,1889297298
BioBio,2019-07-01,5902264
BioBio,2019-07-01,1265505040
BioBio,2019-07-01,753890718
BioBio,2019-07-01,3207588542
BioBio,2019-07-01,343285129
BioBio,2019-07-01,3377148832
BioBio,2019-07-01,8131182577
uble,2020-01-01,81897420
uble,2020-01-01,30069025
uble,2020-01-01,2005943247
uble,2020-01-01,426086984
uble,2020-01-01,62081000
uble,2020-01-01,383082000
uble,2020-01-01,2152796348
uble,2020-01-01,255879758
uble,2020-01-01,513112418
uble,2020-01-01,358055797
uble,2020-01-01,105461818
uble,2020-01-01,16093137
uble,2020-01-01,8617326
uble,2020-01-01,457951167
uble,2020-01-01,2876434905
uble,2020-01-01,72586800
uble,2020-01-01,10874372
uble,2020-01-01,3068366607
uble,2020-01-01,76756210
uble,2020-01-01,15977855
uble,2020-01-01,72859
uble,2020-01-01,40788659
uble,2020-01-01,5065256217
uble,2020-01-01,141884
uble,2020-01-01,1757051005
uble,2020-01-01,685820710
uble,2020-01-01,3785437255
uble,2020-01-01,72859
uble,2020-07-01,332135359
uble,2020-07-01,61355
uble,2020-07-01,61355
uble,2020-07-01,58628
uble,2020-07-01,76694
uble,2020-07-01,61172295
uble,2020-07-01,387443952
uble,2020-07-01,418034434
uble,2020-07-01,32550000
uble,2020-07-01,1884382
uble,2020-07-01,362002420
uble,2020-07-01,425279345
uble,2020-07-01,679160969
uble,2020-07-01,383579160
uble,2020-07-01,552777479
uble,2020-07-01,451111681
uble,2020-07-01,478693178
uble,2020-07-01,1349123527
uble,2020-07-01,115135652
uble,2020-07-01,7327267
uble,2020-07-01,64424571
uble,2020-07-01,529713036
uble,2020-07-01,9324250
BioBio,2020-07-01,269628000
BioBio,2020-07-01,91200000
BioBio,2020-07-01,50215739
BioBio,2020-07-01,7169293414
BioBio,2020-07-01,51129000
BioBio,2020-07-01,621604031
BioBio,2020-07-01,770850846
BioBio,2020-07-01,1529669333
BioBio,2020-07-01,362295764
BioBio,2020-07-01,88871805
BioBio,2020-07-01,11230726
BioBio,2020-07-01,625564530
BioBio,2020-07-01,197522990
BioBio,2020-07-01,758118914
BioBio,2020-07-01,3939762142
BioBio,2020-07-01,1081365
BioBio,2020-07-01,104828606
BioBio,2020-07-01,62494470
BioBio,2020-07-01,14399998
BioBio,2020-07-01,5952144877
BioBio,2020-07-01,457525614
BioBio,2020-07-01,43757086
BioBio,2020-07-01,7991684
BioBio,2020-07-01,92214670
BioBio,2020-07-01,270490000
BioBio,2020-07-01,516419174
BioBio,2020-07-01,383765
BioBio,2020-07-01,7428473184
BioBio,2020-07-01,10061452
BioBio,2020-07-01,102821168
BioBio,2020-07-01,495721254
BioBio,2020-07-01,99298980
BioBio,2020-07-01,89277784
BioBio,2020-07-01,11166292536
BioBio,2020-07-01,11562038
BioBio,2020-07-01,10231437735
BioBio,2020-07-01,16989783
BioBio,2020-07-01,273839538
BioBio,2020-07-01,1762380487
BioBio,2020-07-01,2520081866
BioBio,2020-07-01,350860000
BioBio,2020-07-01,5731873542
BioBio,2020-07-01,3585680344
BioBio,2020-07-01,2620322189
BioBio,2020-07-01,1299243049
BioBio,2020-07-01,25850322
BioBio,2020-07-01,2548012546
BioBio,2020-07-01,43911870
BioBio,2020-07-01,342663071
BioBio,2020-07-01,8461616344
BioBio,2020-07-01,145967578
BioBio,2020-07-01,1430210726
BioBio,2020-07-01,897020339
BioBio,2020-07-01,40670483
BioBio,2020-07-01,200505972
BioBio,2020-07-01,73967
BioBio,2020-07-01,120854
BioBio,2020-07-01,500000
BioBio,2020-07-01,2882847
BioBio,2020-07-01,663054941
BioBio,2020-07-01,1209969036
BioBio,2020-07-01,12464526
BioBio,2020-07-01,969357345
BioBio,2020-07-01,697045711
BioBio,2020-07-01,1365469703
BioBio,2020-07-01,570894550
BioBio,2020-07-01,69025
BioBio,2020-07-01,61355
BioBio,2020-07-01,41387628
BioBio,2020-07-01,728240409
BioBio,2020-07-01,686778981
BioBio,2020-07-01,1363022154
BioBio,2020-07-01,1133937940
BioBio,2020-07-01,169143160
BioBio,2020-07-01,65189
BioBio,2020-07-01,2809655426
BioBio,2020-07-01,87345608
BioBio,2020-07-01,128162392
BioBio,2020-07-01,552790712
BioBio,2020-07-01,73982997
BioBio,2020-07-01,431173312
BioBio,2020-07-01,27587455
BioBio,2020-07-01,367758050
BioBio,2020-07-01,16743735
BioBio,2020-07-01,17226992
BioBio,2020-07-01,103042242
BioBio,2020-07-01,146868759
BioBio,2020-07-01,664867944
BioBio,2020-07-01,380000000
BioBio,2020-07-01,713303927
BioBio,2020-07-01,142800000
BioBio,2020-07-01,604387024
BioBio,2020-07-01,83107364
BioBio,2020-07-01,92412396
BioBio,2020-07-01,605138021
BioBio,2020-07-01,7027272663
BioBio,2020-07-01,245531928
BioBio,2020-07-01,5846444510
BioBio,2020-07-01,501177551
